O001,C002,2018-10-14
O002,C003,2018-11-02
O003,C002,2018-10-14
O004,C005,2018-01-02
O005,C005,2018-05-05
O006,C002,2018-10-14
O007,C001,2018-09-14
O008,C004,2018-10-15
O009,C005,2018-02-27
O010,C001,2018-07-16
O011,C014,2018-02-10
O012,C006,2018-01-31
O013,C007,2018-03-04
O014,C013,2018-11-06
O015,C009,2018-12-25
O016,C020,2018-06-04
O017,C018,2018-07-21
O018,C019,2018-04-06
O019,C020,2018-11-26
O020,C017,2018-09-28
O021,C025,2018-07-16
O022,C004,2018-06-27
O023,C021,2018-03-05
O024,C022,2018-04-16
O025,C023,2018-07-07
O026,C026,2018-07-25
O027,C030,2018-07-09
O028,C029,2018-04-18
O029,C029,2018-07-11
O030,C029,2019-01-14
